cv_compensation_multiplier,other_compensation_multiplier,net_benefit_q05,draw_count
0,0,22242.4777922807,2000
0,0.05,22216.0127472127,2000
0,0.1,22195.5639263974,2000
0,0.15,22152.6739448649,2000
0,0.2,22146.7738505051,2000
0,0.25,22144.8110953948,2000
0,0.3,22144.1257592243,2000
0,0.35,22103.6519976417,2000
0,0.4,22092.5971043905,2000
0,0.45,22080.0229900722,2000
0,0.5,22078.5306517781,2000
0,0.55,22073.1188291863,2000
0,0.6,22060.8328189449,2000
0,0.65,22016.3136303723,2000
0,0.7,22015.8735370609,2000
0,0.75,21983.4816144513,2000
0,0.8,21957.7817510282,2000
0,0.85,21886.9741855966,2000
0,0.9,21881.193157139,2000
0,0.95,21816.616234944,2000
0,1,21766.0999845366,2000
0,1.05,21720.4427216618,2000
0,1.1,21667.3428525358,2000
0,1.15,21641.0373355417,2000
0,1.2,21555.8599649843,2000
0,1.25,21497.0366183388,2000
0,1.3,21461.5532194084,2000
0,1.35,21423.4048121172,2000
0,1.4,21401.7539461631,2000
0,1.45,21401.7539461631,2000
0,1.5,21342.6696033662,2000
0,1.55,21342.6696033662,2000
0,1.6,21310.8932950443,2000
0,1.65,21305.8658267155,2000
0,1.7,21272.8339700867,2000
0,1.75,21207.3894082743,2000
0,1.8,21133.1026979837,2000
0,1.85,21130.7719184693,2000
0,1.9,21071.5314426343,2000
0,1.95,21061.2160404161,2000
0,2,21060.0056340173,2000
0.05,0,22077.7131015326,2000
0.05,0.05,22056.1038573982,2000
0.05,0.1,22040.9010570701,2000
0.05,0.15,22000.1092512517,2000
0.05,0.2,21984.9148510052,2000
0.05,0.25,21986.2395140636,2000
0.05,0.3,21971.3761557096,2000
0.05,0.35,21942.5456473072,2000
0.05,0.4,21930.8606740744,2000
0.05,0.45,21925.6466286215,2000
0.05,0.5,21903.8515050078,2000
0.05,0.55,21876.3421202329,2000
0.05,0.6,21860.9049195666,2000
0.05,0.65,21839.9011424017,2000
0.05,0.7,21815.310104799,2000
0.05,0.75,21814.3166644755,2000
0.05,0.8,21789.4413611635,2000
0.05,0.85,21725.1792176229,2000
0.05,0.9,21646.5055276343,2000
0.05,0.95,21586.2901114161,2000
0.05,1,21529.6656146425,2000
0.05,1.05,21514.0803811344,2000
0.05,1.1,21509.9939078813,2000
0.05,1.15,21428.0437481229,2000
0.05,1.2,21423.8429161143,2000
0.05,1.25,21343.6365347513,2000
0.05,1.3,21293.861053686,2000
0.05,1.35,21288.3844297006,2000
0.05,1.4,21288.3844297006,2000
0.05,1.45,21267.3232565148,2000
0.05,1.5,21245.9993921467,2000
0.05,1.55,21182.674511381,2000
0.05,1.6,21144.1447749521,2000
0.05,1.65,21061.3385603255,2000
0.05,1.7,21061.3385603255,2000
0.05,1.75,21049.8269301943,2000
0.05,1.8,20995.4727441778,2000
0.05,1.85,20936.886498705,2000
0.05,1.9,20923.5639216224,2000
0.05,1.95,20910.4618736543,2000
0.05,2,20891.7215072989,2000
0.1,0,21916.0197458594,2000
0.1,0.05,21903.7924316832,2000
0.1,0.1,21882.58869338,2000
0.1,0.15,21813.4179608963,2000
0.1,0.2,21783.0932606723,2000
0.1,0.25,21798.7479653101,2000
0.1,0.3,21783.0932606723,2000
0.1,0.35,21777.3756564841,2000
0.1,0.4,21756.6614169753,2000
0.1,0.45,21740.7869043597,2000
0.1,0.5,21733.3835958383,2000
0.1,0.55,21667.3027970201,2000
0.1,0.6,21658.4587768798,2000
0.1,0.65,21658.4587768798,2000
0.1,0.7,21658.4587768798,2000
0.1,0.75,21647.1942634693,2000
0.1,0.8,21544.017582197,2000
0.1,0.85,21501.7993749732,2000
0.1,0.9,21465.2667583704,2000
0.1,0.95,21363.5070621754,2000
0.1,1,21323.7678721406,2000
0.1,1.05,21302.6666102351,2000
0.1,1.1,21298.4521511234,2000
0.1,1.15,21271.0575340276,2000
0.1,1.2,21248.3870789572,2000
0.1,1.25,21242.8676105955,2000
0.1,1.3,21121.4246313492,2000
0.1,1.35,21113.7490432694,2000
0.1,1.4,21113.7490432694,2000
0.1,1.45,21093.1427199406,2000
0.1,1.5,21075.1130129193,2000
0.1,1.55,21037.6832310249,2000
0.1,1.6,20922.3808653984,2000
0.1,1.65,20871.5556205704,2000
0.1,1.7,20866.9465352661,2000
0.1,1.75,20864.3740491099,2000
0.1,1.8,20846.3354840471,2000
0.1,1.85,20763.5345521292,2000
0.1,1.9,20746.4880242686,2000
0.1,1.95,20746.1877932644,2000
0.1,2,20745.8875622603,2000
0.15,0,21725.5052398186,2000
0.15,0.05,21680.6841225068,2000
0.15,0.1,21627.8712086216,2000
0.15,0.15,21624.0244875782,2000
0.15,0.2,21624.0244875782,2000
0.15,0.25,21624.0244875782,2000
0.15,0.3,21608.0328512853,2000
0.15,0.35,21597.577020185,2000
0.15,0.4,21573.1819079844,2000
0.15,0.45,21549.9925368177,2000
0.15,0.5,21527.2640720328,2000
0.15,0.55,21508.0234191565,2000
0.15,0.6,21482.1556769296,2000
0.15,0.65,21482.1556769296,2000
0.15,0.7,21475.4175574463,2000
0.15,0.75,21444.2412872403,2000
0.15,0.8,21360.0476091427,2000
0.15,0.85,21341.098637831,2000
0.15,0.9,21293.7177751444,2000
0.15,0.95,21229.6753188872,2000
0.15,1,21175.2404417326,2000
0.15,1.05,21108.8735510578,2000
0.15,1.1,21072.7511108463,2000
0.15,1.15,21054.3108918045,2000
0.15,1.2,21026.3680498541,2000
0.15,1.25,20980.4142599332,2000
0.15,1.3,20939.8089905782,2000
0.15,1.35,20874.6335503504,2000
0.15,1.4,20861.5056557441,2000
0.15,1.45,20840.1403075968,2000
0.15,1.5,20828.1953536216,2000
0.15,1.55,20781.5467213236,2000
0.15,1.6,20767.5489018153,2000
0.15,1.65,20704.937437883,2000
0.15,1.7,20689.0146142775,2000
0.15,1.75,20614.8163818545,2000
0.15,1.8,20601.8621463723,2000
0.15,1.85,20601.2424720621,2000
0.15,1.9,20587.3074970988,2000
0.15,1.95,20566.5259477326,2000
0.15,2,20566.5259477326,2000
0.2,0,21542.0048998907,2000
0.2,0.05,21510.0733130954,2000
0.2,0.1,21499.4092996921,2000
0.2,0.15,21499.4092996921,2000
0.2,0.2,21480.7470075485,2000
0.2,0.25,21463.5773551044,2000
0.2,0.3,21429.9146539606,2000
0.2,0.35,21400.9794112153,2000
0.2,0.4,21343.5057645457,2000
0.2,0.45,21335.0646168915,2000
0.2,0.5,21321.1174168656,2000
0.2,0.55,21298.6698053739,2000
0.2,0.6,21276.670991546,2000
0.2,0.65,21254.4467608923,2000
0.2,0.7,21254.4467608923,2000
0.2,0.75,21254.4467608923,2000
0.2,0.8,21217.3077550643,2000
0.2,0.85,21161.3720618675,2000
0.2,0.9,21146.2308881743,2000
0.2,0.95,21131.9339226441,2000
0.2,1,20964.7781737249,2000
0.2,1.05,20943.1992928095,2000
0.2,1.1,20828.3744269887,2000
0.2,1.15,20826.4590387424,2000
0.2,1.2,20764.6962794568,2000
0.2,1.25,20754.9307818065,2000
0.2,1.3,20694.0085589633,2000
0.2,1.35,20678.1158758912,2000
0.2,1.4,20608.4344587302,2000
0.2,1.45,20567.4007206543,2000
0.2,1.5,20559.309411009,2000
0.2,1.55,20559.309411009,2000
0.2,1.6,20538.6141977901,2000
0.2,1.65,20494.653112722,2000
0.2,1.7,20468.2788847299,2000
0.2,1.75,20443.8659840297,2000
0.2,1.8,20411.3596989669,2000
0.2,1.85,20394.535857867,2000
0.2,1.9,20383.381561547,2000
0.2,1.95,20378.4971237286,2000
0.2,2,20374.3383488986,2000
0.25,0,21318.9983451909,2000
0.25,0.05,21266.0235563278,2000
0.25,0.1,21266.8604782365,2000
0.25,0.15,21266.0235563278,2000
0.25,0.2,21266.0235563278,2000
0.25,0.25,21234.6692432711,2000
0.25,0.3,21192.5007394824,2000
0.25,0.35,21143.4351031748,2000
0.25,0.4,21133.6342574147,2000
0.25,0.45,21130.6254402894,2000
0.25,0.5,21113.5827429882,2000
0.25,0.55,21086.5885026829,2000
0.25,0.6,21081.3283966043,2000
0.25,0.65,21061.2723851155,2000
0.25,0.7,21061.2723851155,2000
0.25,0.75,21061.2723851155,2000
0.25,0.8,21027.3846579588,2000
0.25,0.85,20966.8859903206,2000
0.25,0.9,20931.9349878755,2000
0.25,0.95,20897.6462612837,2000
0.25,1,20842.6061197339,2000
0.25,1.05,20735.9620790064,2000
0.25,1.1,20678.999382925,2000
0.25,1.15,20629.9586003008,2000
0.25,1.2,20626.8576158276,2000
0.25,1.25,20508.6045900629,2000
0.25,1.3,20487.2036871271,2000
0.25,1.35,20486.9381648192,2000
0.25,1.4,20435.0834634542,2000
0.25,1.45,20370.2796083833,2000
0.25,1.5,20345.9311714656,2000
0.25,1.55,20345.9311714656,2000
0.25,1.6,20336.1737127457,2000
0.25,1.65,20321.2136244596,2000
0.25,1.7,20242.509868565,2000
0.25,1.75,20173.7769055235,2000
0.25,1.8,20153.4716162167,2000
0.25,1.85,20141.3757403171,2000
0.25,1.9,20126.9831795982,2000
0.25,1.95,20112.5906188793,2000
0.25,2,20079.460981022,2000
0.3,0,21047.0163594236,2000
0.3,0.05,21018.3272520926,2000
0.3,0.1,21011.2949148514,2000
0.3,0.15,21011.1318949564,2000
0.3,0.2,21043.4674276318,2000
0.3,0.25,20973.0020980754,2000
0.3,0.3,20949.6448883416,2000
0.3,0.35,20942.7720026463,2000
0.3,0.4,20934.4202140814,2000
0.3,0.45,20934.4202140814,2000
0.3,0.5,20931.3950003596,2000
0.3,0.55,20907.3551546998,2000
0.3,0.6,20839.3010896191,2000
0.3,0.65,20806.5383251,2000
0.3,0.7,20798.0630475081,2000
0.3,0.75,20798.0630475081,2000
0.3,0.8,20769.5982279169,2000
0.3,0.85,20717.9263799015,2000
0.3,0.9,20669.8408077062,2000
0.3,0.95,20658.411336786,2000
0.3,1,20649.8373686236,2000
0.3,1.05,20563.8041556329,2000
0.3,1.1,20533.9885394167,2000
0.3,1.15,20425.5124613784,2000
0.3,1.2,20425.5124613784,2000
0.3,1.25,20392.2490923576,2000
0.3,1.3,20392.2490923576,2000
0.3,1.35,20251.4965180305,2000
0.3,1.4,20231.1091536045,2000
0.3,1.45,20219.3799309978,2000
0.3,1.5,20194.1208427506,2000
0.3,1.55,20160.5750473483,2000
0.3,1.6,20140.3171598568,2000
0.3,1.65,20080.7555025418,2000
0.3,1.7,20040.7397541832,2000
0.3,1.75,20006.4435207726,2000
0.3,1.8,19928.9079742313,2000
0.3,1.85,19928.9079742313,2000
0.3,1.9,19914.4494525982,2000
0.3,1.95,19913.2162862382,2000
0.3,2,19871.6917755263,2000
0.35,0,20759.9524983624,2000
0.35,0.05,20728.5947797957,2000
0.35,0.1,20713.5072301135,2000
0.35,0.15,20728.5947797957,2000
0.35,0.2,20723.6016511348,2000
0.35,0.25,20688.019363364,2000
0.35,0.3,20671.7782512762,2000
0.35,0.35,20655.3712197445,2000
0.35,0.4,20635.9472527671,2000
0.35,0.45,20635.9472527671,2000
0.35,0.5,20617.4286405221,2000
0.35,0.55,20614.1545245328,2000
0.35,0.6,20604.8390045586,2000
0.35,0.65,20593.2389810753,2000
0.35,0.7,20593.2389810753,2000
0.35,0.75,20575.7696066007,2000
0.35,0.8,20539.0755133919,2000
0.35,0.85,20489.7325822646,2000
0.35,0.9,20448.436841712,2000
0.35,0.95,20431.4368884969,2000
0.35,1,20390.4471320105,2000
0.35,1.05,20311.3717405159,2000
0.35,1.1,20294.9921125337,2000
0.35,1.15,20226.0151444866,2000
0.35,1.2,20152.3439130687,2000
0.35,1.25,20112.6665675244,2000
0.35,1.3,20067.3788391772,2000
0.35,1.35,20033.2171422824,2000
0.35,1.4,20018.8564792786,2000
0.35,1.45,20018.8564792786,2000
0.35,1.5,19953.3638900286,2000
0.35,1.55,19953.3638900286,2000
0.35,1.6,19934.9323506895,2000
0.35,1.65,19888.1093507262,2000
0.35,1.7,19827.4394461121,2000
0.35,1.75,19810.0408977896,2000
0.35,1.8,19761.5029705624,2000
0.35,1.85,19725.7944393699,2000
0.35,1.9,19686.897783431,2000
0.35,1.95,19602.165688013,2000
0.35,2,19588.3877923379,2000
0.4,0,20520.3408169972,2000
0.4,0.05,20508.5126039156,2000
0.4,0.1,20497.3235955581,2000
0.4,0.15,20499.7061946842,2000
0.4,0.2,20479.5334601203,2000
0.4,0.25,20476.4335980393,2000
0.4,0.3,20471.6210120112,2000
0.4,0.35,20471.6210120112,2000
0.4,0.4,20445.7634517495,2000
0.4,0.45,20445.7634517495,2000
0.4,0.5,20439.539571756,2000
0.4,0.55,20398.1540402711,2000
0.4,0.6,20384.635960656,2000
0.4,0.65,20380.6963956075,2000
0.4,0.7,20287.9080803066,2000
0.4,0.75,20287.9080803066,2000
0.4,0.8,20222.7215201064,2000
0.4,0.85,20170.3705609375,2000
0.4,0.9,20162.4704532561,2000
0.4,0.95,20150.9813713899,2000
0.4,1,20071.4710092013,2000
0.4,1.05,19989.1812575864,2000
0.4,1.1,19989.1812575864,2000
0.4,1.15,19963.3409860185,2000
0.4,1.2,19961.4861657486,2000
0.4,1.25,19809.1822230134,2000
0.4,1.3,19797.1506377432,2000
0.4,1.35,19753.3112229323,2000
0.4,1.4,19753.3112229323,2000
0.4,1.45,19700.7483312491,2000
0.4,1.5,19686.7145699781,2000
0.4,1.55,19633.1147142161,2000
0.4,1.6,19630.9273706181,2000
0.4,1.65,19601.9576132079,2000
0.4,1.7,19594.7854066839,2000
0.4,1.75,19532.0324613204,2000
0.4,1.8,19530.5666328726,2000
0.4,1.85,19480.657964646,2000
0.4,1.9,19472.8703958913,2000
0.4,1.95,19432.2203626484,2000
0.4,2,19388.2993476161,2000
0.45,0,20240.0465320802,2000
0.45,0.05,20239.5474866209,2000
0.45,0.1,20219.7254437005,2000
0.45,0.15,20222.9121309562,2000
0.45,0.2,20198.3560944571,2000
0.45,0.25,20172.8506003204,2000
0.45,0.3,20172.8506003204,2000
0.45,0.35,20162.259467565,2000
0.45,0.4,20162.259467565,2000
0.45,0.45,20150.9558539218,2000
0.45,0.5,20108.901106054,2000
0.45,0.55,20108.901106054,2000
0.45,0.6,20094.1240867269,2000
0.45,0.65,20074.3435010441,2000
0.45,0.7,20051.4430044138,2000
0.45,0.75,20043.307930827,2000
0.45,0.8,20015.1080451409,2000
0.45,0.85,19889.4338397022,2000
0.45,0.9,19794.9688380232,2000
0.45,0.95,19770.3328191607,2000
0.45,1,19719.1650931394,2000
0.45,1.05,19675.32007449,2000
0.45,1.1,19645.1714327086,2000
0.45,1.15,19633.4183121302,2000
0.45,1.2,19612.94563545,2000
0.45,1.25,19563.269624792,2000
0.45,1.3,19513.9479012821,2000
0.45,1.35,19434.9741741318,2000
0.45,1.4,19434.9741741318,2000
0.45,1.45,19434.9741741318,2000
0.45,1.5,19428.4785951666,2000
0.45,1.55,19428.4785951666,2000
0.45,1.6,19371.567031223,2000
0.45,1.65,19370.9359986338,2000
0.45,1.7,19350.0673778929,2000
0.45,1.75,19256.0556726331,2000
0.45,1.8,19240.9300961087,2000
0.45,1.85,19227.7325526821,2000
0.45,1.9,19227.7325526821,2000
0.45,1.95,19206.3137157135,2000
0.45,2,19125.4871887331,2000
0.5,0,20043.3895817056,2000
0.5,0.05,20043.3895817056,2000
0.5,0.1,20006.4953471602,2000
0.5,0.15,19969.2114122216,2000
0.5,0.2,19958.2928657079,2000
0.5,0.25,19898.6231617594,2000
0.5,0.3,19920.7738359422,2000
0.5,0.35,19880.1254708419,2000
0.5,0.4,19879.7673202594,2000
0.5,0.45,19879.7673202594,2000
0.5,0.5,19859.0966036897,2000
0.5,0.55,19859.0966036897,2000
0.5,0.6,19762.6257809363,2000
0.5,0.65,19705.9192598614,2000
0.5,0.7,19705.9192598614,2000
0.5,0.75,19660.0355880291,2000
0.5,0.8,19628.9172667929,2000
0.5,0.85,19574.053460132,2000
0.5,0.9,19551.0691715488,2000
0.5,0.95,19456.6311204523,2000
0.5,1,19402.8562259005,2000
0.5,1.05,19372.7258664772,2000
0.5,1.1,19372.4305922647,2000
0.5,1.15,19323.3071668595,2000
0.5,1.2,19311.0673673911,2000
0.5,1.25,19263.9083299115,2000
0.5,1.3,19263.9083299115,2000
0.5,1.35,19152.8706018392,2000
0.5,1.4,19117.5139830754,2000
0.5,1.45,19117.5139830754,2000
0.5,1.5,19109.3965019557,2000
0.5,1.55,19072.6290797871,2000
0.5,1.6,19072.6290797871,2000
0.5,1.65,19043.6217430732,2000
0.5,1.7,19034.8524781643,2000
0.5,1.75,18991.6461898714,2000
0.5,1.8,18950.5795125127,2000
0.5,1.85,18943.465470188,2000
0.5,1.9,18943.465470188,2000
0.5,1.95,18926.6022221473,2000
0.5,2,18926.6022221473,2000
0.55,0,19750.7033768608,2000
0.55,0.05,19709.5423773971,2000
0.55,0.1,19709.5407163424,2000
0.55,0.15,19682.7488960651,2000
0.55,0.2,19656.4067828387,2000
0.55,0.25,19645.7967811561,2000
0.55,0.3,19629.1587906524,2000
0.55,0.35,19629.1587906524,2000
0.55,0.4,19603.5283111182,2000
0.55,0.45,19603.5283111182,2000
0.55,0.5,19508.2126440106,2000
0.55,0.55,19486.7202336092,2000
0.55,0.6,19483.6491424444,2000
0.55,0.65,19469.1494897156,2000
0.55,0.7,19441.569115032,2000
0.55,0.75,19441.0737209469,2000
0.55,0.8,19332.8744250255,2000
0.55,0.85,19243.1659108867,2000
0.55,0.9,19198.2824557292,2000
0.55,0.95,19155.7473296593,2000
0.55,1,19087.546575893,2000
0.55,1.05,19067.5755720586,2000
0.55,1.1,19059.5818933863,2000
0.55,1.15,19023.8341188237,2000
0.55,1.2,18996.8313045956,2000
0.55,1.25,18965.5365085535,2000
0.55,1.3,18960.0809710652,2000
0.55,1.35,18952.7950595868,2000
0.55,1.4,18841.9130040713,2000
0.55,1.45,18807.7591407552,2000
0.55,1.5,18793.9409623573,2000
0.55,1.55,18793.9409623573,2000
0.55,1.6,18792.2894379089,2000
0.55,1.65,18787.1630059808,2000
0.55,1.7,18760.1031609053,2000
0.55,1.75,18663.3475844978,2000
0.55,1.8,18640.400334883,2000
0.55,1.85,18614.4061164898,2000
0.55,1.9,18590.480164763,2000
0.55,1.95,18577.3903677555,2000
0.55,2,18542.6975850554,2000
0.6,0,19428.7375710314,2000
0.6,0.05,19401.4374086208,2000
0.6,0.1,19382.3425960133,2000
0.6,0.15,19382.3425960133,2000
0.6,0.2,19339.0803629808,2000
0.6,0.25,19338.6095010772,2000
0.6,0.3,19318.5500678086,2000
0.6,0.35,19277.2893306251,2000
0.6,0.4,19270.6868640843,2000
0.6,0.45,19254.7022073733,2000
0.6,0.5,19244.3443253986,2000
0.6,0.55,19226.653053186,2000
0.6,0.6,19204.7185700994,2000
0.6,0.65,19147.13162858,2000
0.6,0.7,19113.8753199992,2000
0.6,0.75,19113.8753199992,2000
0.6,0.8,19105.348431777,2000
0.6,0.85,18965.3862377155,2000
0.6,0.9,18950.4805439818,2000
0.6,0.95,18880.5531170637,2000
0.6,1,18800.9340233567,2000
0.6,1.05,18762.197234275,2000
0.6,1.1,18694.8211635792,2000
0.6,1.15,18636.6587515184,2000
0.6,1.2,18636.6587515184,2000
0.6,1.25,18632.8364302564,2000
0.6,1.3,18598.9441167704,2000
0.6,1.35,18558.2082993773,2000
0.6,1.4,18558.2082993773,2000
0.6,1.45,18525.0035559087,2000
0.6,1.5,18524.1002066248,2000
0.6,1.55,18525.0035559087,2000
0.6,1.6,18512.1389650625,2000
0.6,1.65,18496.5018285606,2000
0.6,1.7,18495.2914221619,2000
0.6,1.75,18444.4999067677,2000
0.6,1.8,18349.27035004,2000
0.6,1.85,18327.328017177,2000
0.6,1.9,18313.6571977797,2000
0.6,1.95,18309.3157372337,2000
0.6,2,18290.0105612387,2000
0.65,0,19161.5190311705,2000
0.65,0.05,19109.8652539542,2000
0.65,0.1,19067.2318110571,2000
0.65,0.15,19067.8763059956,2000
0.65,0.2,19024.5099989397,2000
0.65,0.25,18969.7445528874,2000
0.65,0.3,18967.7358503215,2000
0.65,0.35,18929.3325850653,2000
0.65,0.4,18954.5973765494,2000
0.65,0.45,18911.6602943975,2000
0.65,0.5,18893.5135944897,2000
0.65,0.55,18859.3464788706,2000
0.65,0.6,18859.3464788706,2000
0.65,0.65,18831.4550814824,2000
0.65,0.7,18830.7181390773,2000
0.65,0.75,18813.7698406469,2000
0.65,0.8,18775.5871100915,2000
0.65,0.85,18695.1918723209,2000
0.65,0.9,18680.2324635145,2000
0.65,0.95,18623.0360299311,2000
0.65,1,18519.6954570467,2000
0.65,1.05,18456.5122054467,2000
0.65,1.1,18383.8409497822,2000
0.65,1.15,18300.8358674575,2000
0.65,1.2,18300.8358674575,2000
0.65,1.25,18294.5245334826,2000
0.65,1.3,18248.4607795559,2000
0.65,1.35,18232.778017084,2000
0.65,1.4,18231.210418295,2000
0.65,1.45,18231.210418295,2000
0.65,1.5,18193.302674716,2000
0.65,1.55,18166.3830946306,2000
0.65,1.6,18166.3830946306,2000
0.65,1.65,18166.3830946306,2000
0.65,1.7,18142.2907655556,2000
0.65,1.75,18153.7172111092,2000
0.65,1.8,18101.4881272729,2000
0.65,1.85,18038.5035684618,2000
0.65,1.9,18023.2035028102,2000
0.65,1.95,18023.2035028102,2000
0.65,2,18006.1021691515,2000
0.7,0,18836.0660405929,2000
0.7,0.05,18823.6279558776,2000
0.7,0.1,18788.3439408565,2000
0.7,0.15,18761.414550709,2000
0.7,0.2,18737.3811208905,2000
0.7,0.25,18731.6085702095,2000
0.7,0.3,18732.0436095087,2000
0.7,0.35,18689.0870797808,2000
0.7,0.4,18653.7779413229,2000
0.7,0.45,18655.6672530778,2000
0.7,0.5,18604.745625046,2000
0.7,0.55,18505.6388929767,2000
0.7,0.6,18491.845755074,2000
0.7,0.65,18487.6244361538,2000
0.7,0.7,18487.6244361538,2000
0.7,0.75,18475.6679360338,2000
0.7,0.8,18468.3692830418,2000
0.7,0.85,18441.0066164641,2000
0.7,0.9,18407.5393402071,2000
0.7,0.95,18377.6400781277,2000
0.7,1,18240.4189265592,2000
0.7,1.05,18153.8521703404,2000
0.7,1.1,18064.9090761762,2000
0.7,1.15,18045.6174060413,2000
0.7,1.2,18034.2699463607,2000
0.7,1.25,18033.6316944314,2000
0.7,1.3,17968.6592741371,2000
0.7,1.35,17968.5394478777,2000
0.7,1.4,17966.0147951726,2000
0.7,1.45,17904.3187438512,2000
0.7,1.5,17895.6633514555,2000
0.7,1.55,17831.1850713977,2000
0.7,1.6,17800.8643896358,2000
0.7,1.65,17799.3549781618,2000
0.7,1.7,17799.3549781618,2000
0.7,1.75,17799.3549781618,2000
0.7,1.8,17763.6813669638,2000
0.7,1.85,17724.8985451674,2000
0.7,1.9,17695.6090730269,2000
0.7,1.95,17637.0706327722,2000
0.7,2,17634.6363052689,2000
0.75,0,18607.3505478161,2000
0.75,0.05,18577.6824361446,2000
0.75,0.1,18564.529568056,2000
0.75,0.15,18534.9946191633,2000
0.75,0.2,18465.9018547042,2000
0.75,0.25,18465.4947233719,2000
0.75,0.3,18463.344105743,2000
0.75,0.35,18438.7267591094,2000
0.75,0.4,18414.3267477778,2000
0.75,0.45,18421.7550799033,2000
0.75,0.5,18403.5278128039,2000
0.75,0.55,18329.3941175919,2000
0.75,0.6,18302.8206282297,2000
0.75,0.65,18270.9513353166,2000
0.75,0.7,18269.746502191,2000
0.75,0.75,18244.1313352991,2000
0.75,0.8,18133.7488191295,2000
0.75,0.85,18083.4478526611,2000
0.75,0.9,18026.2360858595,2000
0.75,0.95,17998.6673004843,2000
0.75,1,17923.1710637175,2000
0.75,1.05,17888.695776695,2000
0.75,1.1,17832.6374339958,2000
0.75,1.15,17762.0303142581,2000
0.75,1.2,17762.0303142581,2000
0.75,1.25,17698.724741978,2000
0.75,1.3,17649.669271708,2000
0.75,1.35,17649.3849547337,2000
0.75,1.4,17635.3996165421,2000
0.75,1.45,17618.0876174299,2000
0.75,1.5,17604.4027347099,2000
0.75,1.55,17604.4027347099,2000
0.75,1.6,17558.9249339617,2000
0.75,1.65,17546.4544190334,2000
0.75,1.7,17541.2169803423,2000
0.75,1.75,17541.2169803423,2000
0.75,1.8,17507.7299856836,2000
0.75,1.85,17357.7909916053,2000
0.75,1.9,17331.076126164,2000
0.75,1.95,17295.1971922797,2000
0.75,2,17263.7260056366,2000
0.8,0,18255.5563351557,2000
0.8,0.05,18309.1663290921,2000
0.8,0.1,18239.4379086128,2000
0.8,0.15,18239.147930345,2000
0.8,0.2,18197.8680827365,2000
0.8,0.25,18197.4458665249,2000
0.8,0.3,18172.7934714213,2000
0.8,0.35,18184.3786258818,2000
0.8,0.4,18171.3685154599,2000
0.8,0.45,18164.3892164632,2000
0.8,0.5,18143.2689140006,2000
0.8,0.55,18121.0539099221,2000
0.8,0.6,18114.2525494611,2000
0.8,0.65,18103.3873631467,2000
0.8,0.7,18043.5515241115,2000
0.8,0.75,17890.9407523417,2000
0.8,0.8,17817.6380571554,2000
0.8,0.85,17770.8692813093,2000
0.8,0.9,17689.3010476926,2000
0.8,0.95,17661.2381663531,2000
0.8,1,17600.4017505027,2000
0.8,1.05,17555.1072526764,2000
0.8,1.1,17542.1484211433,2000
0.8,1.15,17459.9578577977,2000
0.8,1.2,17459.0420716295,2000
0.8,1.25,17459.0420716295,2000
0.8,1.3,17390.1349341676,2000
0.8,1.35,17319.6149361195,2000
0.8,1.4,17302.9870457795,2000
0.8,1.45,17302.9870457795,2000
0.8,1.5,17283.251685485,2000
0.8,1.55,17231.4563991476,2000
0.8,1.6,17231.4563991476,2000
0.8,1.65,17127.0080530881,2000
0.8,1.7,17118.9023432039,2000
0.8,1.75,17074.8002270206,2000
0.8,1.8,17074.8002270206,2000
0.8,1.85,17074.8002270206,2000
0.8,1.9,17066.9398196987,2000
0.8,1.95,17000.332084155,2000
0.8,2,16963.6988496992,2000
0.85,0,17988.5817954445,2000
0.85,0.05,17969.1481858585,2000
0.85,0.1,17944.0040834854,2000
0.85,0.15,17940.7285297452,2000
0.85,0.2,17925.4870351112,2000
0.85,0.25,17909.4738852076,2000
0.85,0.3,17907.6831730264,2000
0.85,0.35,17907.6831730264,2000
0.85,0.4,17879.2767653061,2000
0.85,0.45,17859.1860167916,2000
0.85,0.5,17859.1860167916,2000
0.85,0.55,17854.0949877815,2000
0.85,0.6,17820.7713261061,2000
0.85,0.65,17803.4360131742,2000
0.85,0.7,17772.005622297,2000
0.85,0.75,17751.0512461717,2000
0.85,0.8,17676.9999320021,2000
0.85,0.85,17495.828276078,2000
0.85,0.9,17457.3984044756,2000
0.85,0.95,17368.2658411934,2000
0.85,1,17289.997892043,2000
0.85,1.05,17288.9647322123,2000
0.85,1.1,17234.1629852389,2000
0.85,1.15,17139.5352347756,2000
0.85,1.2,17109.3096931992,2000
0.85,1.25,17087.1821751752,2000
0.85,1.3,17064.856918263,2000
0.85,1.35,17064.856918263,2000
0.85,1.4,17024.0664399522,2000
0.85,1.45,17000.9349201716,2000
0.85,1.5,16999.7771782106,2000
0.85,1.55,16968.2750189798,2000
0.85,1.6,16904.7780367438,2000
0.85,1.65,16904.7780367438,2000
0.85,1.7,16752.6312258866,2000
0.85,1.75,16748.1064695649,2000
0.85,1.8,16709.8738189915,2000
0.85,1.85,16709.8738189915,2000
0.85,1.9,16686.8253033412,2000
0.85,1.95,16666.0489779716,2000
0.85,2,16605.896380685,2000
0.9,0,17646.0775340298,2000
0.9,0.05,17627.2769338079,2000
0.9,0.1,17597.58551582,2000
0.9,0.15,17588.5941484848,2000
0.9,0.2,17563.9561932468,2000
0.9,0.25,17555.77648389,2000
0.9,0.3,17555.7279658828,2000
0.9,0.35,17555.7279658828,2000
0.9,0.4,17533.5237930956,2000
0.9,0.45,17533.5237930956,2000
0.9,0.5,17511.4883381703,2000
0.9,0.55,17497.6480636024,2000
0.9,0.6,17497.6480636024,2000
0.9,0.65,17411.9927867438,2000
0.9,0.7,17374.3960035002,2000
0.9,0.75,17361.8939728263,2000
0.9,0.8,17363.7785571391,2000
0.9,0.85,17312.7739031991,2000
0.9,0.9,17203.8502740472,2000
0.9,0.95,17111.9432591924,2000
0.9,1,17030.0570955921,2000
0.9,1.05,17018.1726533573,2000
0.9,1.1,16924.283585214,2000
0.9,1.15,16834.447446872,2000
0.9,1.2,16767.9155970065,2000
0.9,1.25,16737.4310584201,2000
0.9,1.3,16713.4546456171,2000
0.9,1.35,16696.4956727666,2000
0.9,1.4,16694.8486328925,2000
0.9,1.45,16638.4433862815,2000
0.9,1.5,16637.92112414,2000
0.9,1.55,16625.3153189878,2000
0.9,1.6,16616.1016782045,2000
0.9,1.65,16585.7098815489,2000
0.9,1.7,16585.7098815489,2000
0.9,1.75,16567.0986240528,2000
0.9,1.8,16466.8506015054,2000
0.9,1.85,16364.2449515924,2000
0.9,1.9,16360.8719594101,2000
0.9,1.95,16290.9429608827,2000
0.9,2,16248.624531075,2000
0.95,0,17219.6077544887,2000
0.95,0.05,17219.6077544887,2000
0.95,0.1,17219.6077544887,2000
0.95,0.15,17207.9594802483,2000
0.95,0.2,17201.3359178772,2000
0.95,0.25,17172.0056885787,2000
0.95,0.3,17172.0056885787,2000
0.95,0.35,17116.0499331486,2000
0.95,0.4,17172.0056885787,2000
0.95,0.45,17098.9825479923,2000
0.95,0.5,17073.0475222909,2000
0.95,0.55,17025.7158108795,2000
0.95,0.6,17014.8562140677,2000
0.95,0.65,17012.4567768435,2000
0.95,0.7,16999.853971433,2000
0.95,0.75,16986.8675743408,2000
0.95,0.8,16981.3671424984,2000
0.95,0.85,16956.4545669214,2000
0.95,0.9,16901.17813487,2000
0.95,0.95,16817.9225407168,2000
0.95,1,16786.5448615115,2000
0.95,1.05,16714.1830388149,2000
0.95,1.1,16626.1855872638,2000
0.95,1.15,16562.0213439746,2000
0.95,1.2,16528.9264332083,2000
0.95,1.25,16464.6443760402,2000
0.95,1.3,16407.3460009489,2000
0.95,1.35,16395.749527416,2000
0.95,1.4,16391.4177741018,2000
0.95,1.45,16334.342809429,2000
0.95,1.5,16334.342809429,2000
0.95,1.55,16305.9148776639,2000
0.95,1.6,16288.1959188848,2000
0.95,1.65,16253.3654803367,2000
0.95,1.7,16153.8232805895,2000
0.95,1.75,16129.071222022,2000
0.95,1.8,16108.0752367198,2000
0.95,1.85,16108.0752367198,2000
0.95,1.9,16072.7560464994,2000
0.95,1.95,15949.1857692146,2000
0.95,2,15921.6227399426,2000
1,0,16815.0057521589,2000
1,0.05,16815.0057521589,2000
1,0.1,16815.0057521589,2000
1,0.15,16809.1582524972,2000
1,0.2,16739.6164096527,2000
1,0.25,16729.542503356,2000
1,0.3,16729.542503356,2000
1,0.35,16729.542503356,2000
1,0.4,16731.742356472,2000
1,0.45,16677.8459870392,2000
1,0.5,16673.2274257635,2000
1,0.55,16673.2274257635,2000
1,0.6,16659.7106571547,2000
1,0.65,16643.9459762819,2000
1,0.7,16605.0109618588,2000
1,0.75,16587.8616647019,2000
1,0.8,16538.0361423484,2000
1,0.85,16501.324276654,2000
1,0.9,16466.129882585,2000
1,0.95,16444.3176291275,2000
1,1,16403.8401236309,2000
1,1.05,16400.2091267118,2000
1,1.1,16391.8463656823,2000
1,1.15,16320.1707230823,2000
1,1.2,16233.9270955443,2000
1,1.25,16209.9630145038,2000
1,1.3,16190.3551050352,2000
1,1.35,16041.6097881934,2000
1,1.4,15973.7107818137,2000
1,1.45,15973.7107818137,2000
1,1.5,15960.3385881791,2000
1,1.55,15959.4169586158,2000
1,1.6,15923.0984913756,2000
1,1.65,15923.0984913756,2000
1,1.7,15873.1187168313,2000
1,1.75,15848.983214631,2000
1,1.8,15848.983214631,2000
1,1.85,15725.0385985542,2000
1,1.9,15691.2998902466,2000
1,1.95,15640.8747026542,2000
1,2,15604.2121672999,2000
1.05,0,16391.5344742561,2000
1.05,0.05,16391.5344742561,2000
1.05,0.1,16369.9334674254,2000
1.05,0.15,16369.0046288906,2000
1.05,0.2,16369.8045729909,2000
1.05,0.25,16306.9735764263,2000
1.05,0.3,16285.1490017392,2000
1.05,0.35,16285.1490017392,2000
1.05,0.4,16285.1490017392,2000
1.05,0.45,16285.1490017392,2000
1.05,0.5,16285.1490017392,2000
1.05,0.55,16249.0623681544,2000
1.05,0.6,16234.9009276455,2000
1.05,0.65,16221.9097194177,2000
1.05,0.7,16221.9097194177,2000
1.05,0.75,16198.4947316724,2000
1.05,0.8,16178.4139013994,2000
1.05,0.85,16145.4583565345,2000
1.05,0.9,16110.0487358858,2000
1.05,0.95,16063.8687094945,2000
1.05,1,16039.7467090436,2000
1.05,1.05,15988.4619025452,2000
1.05,1.1,15968.571777115,2000
1.05,1.15,15938.8536657966,2000
1.05,1.2,15904.9572987728,2000
1.05,1.25,15876.1248758959,2000
1.05,1.3,15800.2827196113,2000
1.05,1.35,15645.9448451914,2000
1.05,1.4,15641.6446883744,2000
1.05,1.45,15632.6970516695,2000
1.05,1.5,15632.6970516695,2000
1.05,1.55,15632.6970516695,2000
1.05,1.6,15585.8745765787,2000
1.05,1.65,15571.1267712877,2000
1.05,1.7,15568.5987990748,2000
1.05,1.75,15568.5987990748,2000
1.05,1.8,15478.2132814727,2000
1.05,1.85,15441.072571714,2000
1.05,1.9,15405.7905813004,2000
1.05,1.95,15361.9566418343,2000
1.05,2,15256.8120361844,2000
1.1,0,15955.9125972066,2000
1.1,0.05,15955.9125972066,2000
1.1,0.1,15945.6915036771,2000
1.1,0.15,15945.6915036771,2000
1.1,0.2,15945.6915036771,2000
1.1,0.25,15942.2489744009,2000
1.1,0.3,15897.1214128539,2000
1.1,0.35,15857.6017532782,2000
1.1,0.4,15888.2276603384,2000
1.1,0.45,15888.2276603384,2000
1.1,0.5,15888.2276603384,2000
1.1,0.55,15888.2276603384,2000
1.1,0.6,15857.6017532782,2000
1.1,0.65,15823.8234335058,2000
1.1,0.7,15822.2570322138,2000
1.1,0.75,15780.8287620383,2000
1.1,0.8,15789.2328017456,2000
1.1,0.85,15770.8261171721,2000
1.1,0.9,15757.4672768432,2000
1.1,0.95,15726.313324557,2000
1.1,1,15644.3932373351,2000
1.1,1.05,15639.0318589856,2000
1.1,1.1,15575.3387067632,2000
1.1,1.15,15508.6719406239,2000
1.1,1.2,15432.9061626022,2000
1.1,1.25,15413.6028897737,2000
1.1,1.3,15386.5329938936,2000
1.1,1.35,15372.1027641321,2000
1.1,1.4,15308.8092803548,2000
1.1,1.45,15274.0957013511,2000
1.1,1.5,15235.2381210463,2000
1.1,1.55,15229.7376892039,2000
1.1,1.6,15224.2372573614,2000
1.1,1.65,15211.0874533174,2000
1.1,1.7,15207.464292439,2000
1.1,1.75,15119.9753415881,2000
1.1,1.8,15119.9753415881,2000
1.1,1.85,15087.4557433693,2000
1.1,1.9,15057.3172876077,2000
1.1,1.95,14978.9102813568,2000
1.1,2,14968.7683977933,2000
1.15,0,15479.4134914951,2000
1.15,0.05,15477.9850564522,2000
1.15,0.1,15469.5026708493,2000
1.15,0.15,15469.5026708493,2000
1.15,0.2,15469.5026708493,2000
1.15,0.25,15469.5026708493,2000
1.15,0.3,15459.3389240448,2000
1.15,0.35,15452.5800569028,2000
1.15,0.4,15452.5800569028,2000
1.15,0.45,15452.5800569028,2000
1.15,0.5,15452.5800569028,2000
1.15,0.55,15452.5800569028,2000
1.15,0.6,15452.5800569028,2000
1.15,0.65,15430.6648503072,2000
1.15,0.7,15430.6648503072,2000
1.15,0.75,15405.7545101934,2000
1.15,0.8,15408.3728558606,2000
1.15,0.85,15405.2057806924,2000
1.15,0.9,15360.2391815148,2000
1.15,0.95,15312.5950489556,2000
1.15,1,15222.2407491181,2000
1.15,1.05,15211.392049584,2000
1.15,1.1,15192.72123545,2000
1.15,1.15,15074.4404432301,2000
1.15,1.2,15024.4032699514,2000
1.15,1.25,15014.7705830451,2000
1.15,1.3,14982.1586157443,2000
1.15,1.35,14976.0537795523,2000
1.15,1.4,14897.5436066408,2000
1.15,1.45,14857.0049897203,2000
1.15,1.5,14835.4616862413,2000
1.15,1.55,14789.2342765246,2000
1.15,1.6,14769.0535991703,2000
1.15,1.65,14768.8471212374,2000
1.15,1.7,14768.8471212374,2000
1.15,1.75,14745.5874355462,2000
1.15,1.8,14736.9666270098,2000
1.15,1.85,14657.8908837609,2000
1.15,1.9,14657.8908837609,2000
1.15,1.95,14629.4916137759,2000
1.15,2,14609.0927877528,2000
1.2,0,15080.7328373897,2000
1.2,0.05,15005.0654622734,2000
1.2,0.1,14991.3944080865,2000
1.2,0.15,14991.3944080865,2000
1.2,0.2,14991.3944080865,2000
1.2,0.25,14990.5714304978,2000
1.2,0.3,14986.2949435918,2000
1.2,0.35,14969.9240734728,2000
1.2,0.4,14969.9240734728,2000
1.2,0.45,14969.9240734728,2000
1.2,0.5,14963.2608409852,2000
1.2,0.55,14963.2608409852,2000
1.2,0.6,14963.2608409852,2000
1.2,0.65,14959.2828372323,2000
1.2,0.7,14931.6338176469,2000
1.2,0.75,14928.0175867477,2000
1.2,0.8,14896.7177287229,2000
1.2,0.85,14901.5005661264,2000
1.2,0.9,14893.0243509853,2000
1.2,0.95,14869.5069814627,2000
1.2,1,14771.3758109206,2000
1.2,1.05,14736.0283441154,2000
1.2,1.1,14691.0372570759,2000
1.2,1.15,14689.7087570667,2000
1.2,1.2,14643.8691952837,2000
1.2,1.25,14622.6611481667,2000
1.2,1.3,14568.2017549533,2000
1.2,1.35,14473.3003349105,2000
1.2,1.4,14473.3003349105,2000
1.2,1.45,14462.1960848357,2000
1.2,1.5,14448.0018484244,2000
1.2,1.55,14397.5382622744,2000
1.2,1.6,14369.4783938367,2000
1.2,1.65,14350.4640182162,2000
1.2,1.7,14315.5793538184,2000
1.2,1.75,14287.9508728609,2000
1.2,1.8,14287.9508728609,2000
1.2,1.85,14287.9508728609,2000
1.2,1.9,14212.0977909979,2000
1.2,1.95,14210.5429951546,2000
1.2,2,14166.9377860867,2000
1.25,0,14570.4548319734,2000
1.25,0.05,14514.1201341067,2000
1.25,0.1,14492.5495587782,2000
1.25,0.15,14492.3959024406,2000
1.25,0.2,14492.3959024406,2000
1.25,0.25,14492.3959024406,2000
1.25,0.3,14492.3959024406,2000
1.25,0.35,14461.710309273,2000
1.25,0.4,14461.710309273,2000
1.25,0.45,14457.4700093866,2000
1.25,0.5,14457.4700093866,2000
1.25,0.55,14453.1538460483,2000
1.25,0.6,14441.557680635,2000
1.25,0.65,14435.5682161483,2000
1.25,0.7,14435.5682161483,2000
1.25,0.75,14433.9562307585,2000
1.25,0.8,14413.8911219362,2000
1.25,0.85,14383.8541437986,2000
1.25,0.9,14383.8541437986,2000
1.25,0.95,14363.3274078528,2000
1.25,1,14340.904788978,2000
1.25,1.05,14312.4347391335,2000
1.25,1.1,14311.5441183931,2000
1.25,1.15,14251.356296933,2000
1.25,1.2,14207.5077154531,2000
1.25,1.25,14131.9343855568,2000
1.25,1.3,14131.5189496735,2000
1.25,1.35,14086.9893181205,2000
1.25,1.4,14084.6693134414,2000
1.25,1.45,14016.9210650891,2000
1.25,1.5,14016.9210650891,2000
1.25,1.55,14016.9210650891,2000
1.25,1.6,13951.6784643751,2000
1.25,1.65,13922.7785964371,2000
1.25,1.7,13915.4525708946,2000
1.25,1.75,13851.131023768,2000
1.25,1.8,13810.0148370079,2000
1.25,1.85,13793.5683542384,2000
1.25,1.9,13774.2384481547,2000
1.25,1.95,13747.4102646168,2000
1.25,2,13693.1209430791,2000
1.3,0,14070.5371089224,2000
1.3,0.05,14037.6625540635,2000
1.3,0.1,14037.6625540635,2000
1.3,0.15,14011.3631397099,2000
1.3,0.2,14011.3631397099,2000
1.3,0.25,14011.3631397099,2000
1.3,0.3,13994.0926792357,2000
1.3,0.35,13997.3959292238,2000
1.3,0.4,13994.0926792357,2000
1.3,0.45,13979.2305489646,2000
1.3,0.5,13962.6073425475,2000
1.3,0.55,13962.6073425475,2000
1.3,0.6,13962.6073425475,2000
1.3,0.65,13954.4340056686,2000
1.3,0.7,13952.5220659218,2000
1.3,0.75,13942.9907011324,2000
1.3,0.8,13912.3400732706,2000
1.3,0.85,13895.5534070113,2000
1.3,0.9,13892.7455866514,2000
1.3,0.95,13888.7507809246,2000
1.3,1,13883.9347176971,2000
1.3,1.05,13836.0744699503,2000
1.3,1.1,13800.0281752231,2000
1.3,1.15,13796.2779012294,2000
1.3,1.2,13783.694319236,2000
1.3,1.25,13748.1755803614,2000
1.3,1.3,13712.9127865605,2000
1.3,1.35,13662.512702314,2000
1.3,1.4,13627.1275312505,2000
1.3,1.45,13627.1275312505,2000
1.3,1.5,13615.4016618294,2000
1.3,1.55,13615.4016618294,2000
1.3,1.6,13615.4016618294,2000
1.3,1.65,13560.2741180529,2000
1.3,1.7,13428.0325542006,2000
1.3,1.75,13426.536013914,2000
1.3,1.8,13370.786128799,2000
1.3,1.85,13344.0589360772,2000
1.3,1.9,13343.3815728977,2000
1.3,1.95,13323.813405418,2000
1.3,2,13323.813405418,2000
1.35,0,13581.8905160974,2000
1.35,0.05,13561.2049740203,2000
1.35,0.1,13561.2049740203,2000
1.35,0.15,13561.2049740203,2000
1.35,0.2,13529.3076502314,2000
1.35,0.25,13529.3076502314,2000
1.35,0.3,13493.9351295649,2000
1.35,0.35,13529.3076502314,2000
1.35,0.4,13494.3137075569,2000
1.35,0.45,13493.6960126008,2000
1.35,0.5,13476.5682994248,2000
1.35,0.55,13476.450468513,2000
1.35,0.6,13476.450468513,2000
1.35,0.65,13476.450468513,2000
1.35,0.7,13470.1047018812,2000
1.35,0.75,13464.1572322346,2000
1.35,0.8,13440.5743860251,2000
1.35,0.85,13440.5743860251,2000
1.35,0.9,13416.1706573786,2000
1.35,0.95,13413.7446077539,2000
1.35,1,13412.4058926213,2000
1.35,1.05,13382.0456000951,2000
1.35,1.1,13346.3368958367,2000
1.35,1.15,13316.6643041015,2000
1.35,1.2,13288.294796102,2000
1.35,1.25,13280.4465139897,2000
1.35,1.3,13241.3536373759,2000
1.35,1.35,13228.232715775,2000
1.35,1.4,13186.6588492419,2000
1.35,1.45,13151.3676939415,2000
1.35,1.5,13095.5777707687,2000
1.35,1.55,13095.5777707687,2000
1.35,1.6,13089.5679882757,2000
1.35,1.65,13089.5679882757,2000
1.35,1.7,13089.5679882757,2000
1.35,1.75,13036.1063773985,2000
1.35,1.8,13016.2133960202,2000
1.35,1.85,12937.1944153459,2000
1.35,1.9,12927.8101956277,2000
1.35,1.95,12897.5260431424,2000
1.35,2,12826.6925552347,2000
1.4,0,13128.8669207046,2000
1.4,0.05,13086.5165701361,2000
1.4,0.1,13086.5165701361,2000
1.4,0.15,13086.5165701361,2000
1.4,0.2,13086.5165701361,2000
1.4,0.25,13084.4079910164,2000
1.4,0.3,13065.0793550368,2000
1.4,0.35,13084.4079910164,2000
1.4,0.4,13086.5165701361,2000
1.4,0.45,13065.0793550368,2000
1.4,0.5,13065.0793550368,2000
1.4,0.55,13065.0793550368,2000
1.4,0.6,13062.6317163371,2000
1.4,0.65,13057.5704582954,2000
1.4,0.7,13048.8819005009,2000
1.4,0.75,13048.8819005009,2000
1.4,0.8,12999.473892915,2000
1.4,0.85,12964.0161391465,2000
1.4,0.9,12963.0693893639,2000
1.4,0.95,12963.0693893639,2000
1.4,1,12883.226076361,2000
1.4,1.05,12865.4328282528,2000
1.4,1.1,12837.5895917981,2000
1.4,1.15,12834.1614100978,2000
1.4,1.2,12831.7541292169,2000
1.4,1.25,12810.9981989736,2000
1.4,1.3,12792.7441639298,2000
1.4,1.35,12741.7062125184,2000
1.4,1.4,12731.8806412243,2000
1.4,1.45,12719.5084712928,2000
1.4,1.5,12671.7005572711,2000
1.4,1.55,12625.1421181223,2000
1.4,1.6,12624.9280412247,2000
1.4,1.65,12580.5902150401,2000
1.4,1.7,12574.8947501743,2000
1.4,1.75,12563.0989940682,2000
1.4,1.8,12563.0989940682,2000
1.4,1.85,12507.6432126484,2000
1.4,1.9,12477.3771968351,2000
1.4,1.95,12471.1845960556,2000
1.4,2,12471.1845960556,2000
1.45,0,12659.430975103,2000
1.45,0.05,12659.430975103,2000
1.45,0.1,12659.430975103,2000
1.45,0.15,12659.430975103,2000
1.45,0.2,12659.430975103,2000
1.45,0.25,12610.1531179717,2000
1.45,0.3,12609.4710010229,2000
1.45,0.35,12609.4710010229,2000
1.45,0.4,12659.430975103,2000
1.45,0.45,12616.5528438727,2000
1.45,0.5,12641.6220916976,2000
1.45,0.55,12650.782257311,2000
1.45,0.6,12609.4710010229,2000
1.45,0.65,12592.4219616982,2000
1.45,0.7,12589.2306474442,2000
1.45,0.75,12578.7510555146,2000
1.45,0.8,12578.7510555146,2000
1.45,0.85,12542.7277108838,2000
1.45,0.9,12542.7277108838,2000
1.45,0.95,12522.6673801898,2000
1.45,1,12488.9209857839,2000
1.45,1.05,12487.0985863725,2000
1.45,1.1,12352.7228489953,2000
1.45,1.15,12321.0638251547,2000
1.45,1.2,12319.9147694598,2000
1.45,1.25,12297.7560849313,2000
1.45,1.3,12268.0371795336,2000
1.45,1.35,12250.4545389588,2000
1.45,1.4,12191.5901725478,2000
1.45,1.45,12184.5159347574,2000
1.45,1.5,12178.290649064,2000
1.45,1.55,12123.4537414231,2000
1.45,1.6,12115.7036762887,2000
1.45,1.65,12115.7036762887,2000
1.45,1.7,12115.7036762887,2000
1.45,1.75,12115.7036762887,2000
1.45,1.8,12115.7036762887,2000
1.45,1.85,12110.3323586995,2000
1.45,1.9,12053.4267488359,2000
1.45,1.95,12029.7705522747,2000
1.45,2,11995.7317247653,2000
1.5,0,12215.3682119477,2000
1.5,0.05,12215.3682119477,2000
1.5,0.1,12215.3682119477,2000
1.5,0.15,12215.3682119477,2000
1.5,0.2,12215.3682119477,2000
1.5,0.25,12213.1327763257,2000
1.5,0.3,12173.9560099686,2000
1.5,0.35,12173.9560099686,2000
1.5,0.4,12214.143333492,2000
1.5,0.45,12215.3682119477,2000
1.5,0.5,12213.1327763257,2000
1.5,0.55,12213.1327763257,2000
1.5,0.6,12213.1327763257,2000
1.5,0.65,12173.9560099686,2000
1.5,0.7,12133.6301203128,2000
1.5,0.75,12123.3161678121,2000
1.5,0.8,12123.3161678121,2000
1.5,0.85,12105.2234475483,2000
1.5,0.9,12110.2528283453,2000
1.5,0.95,12085.8577666769,2000
1.5,1,12046.9838541443,2000
1.5,1.05,12022.2977352813,2000
1.5,1.1,11987.1913650792,2000
1.5,1.15,11836.6572254488,2000
1.5,1.2,11826.8661679828,2000
1.5,1.25,11826.8661679828,2000
1.5,1.3,11786.7040414559,2000
1.5,1.35,11762.3670526144,2000
1.5,1.4,11727.92503148,2000
1.5,1.45,11679.0309654349,2000
1.5,1.5,11679.0309654349,2000
1.5,1.55,11644.9557745571,2000
1.5,1.6,11629.0877219911,2000
1.5,1.65,11627.0501602791,2000
1.5,1.7,11627.0501602791,2000
1.5,1.75,11627.0501602791,2000
1.5,1.8,11627.0501602791,2000
1.5,1.85,11627.0501602791,2000
1.5,1.9,11627.0501602791,2000
1.5,1.95,11627.0501602791,2000
1.5,2,11561.9203831867,2000
1.55,0,11708.871856721,2000
1.55,0.05,11708.871856721,2000
1.55,0.1,11708.871856721,2000
1.55,0.15,11708.871856721,2000
1.55,0.2,11708.871856721,2000
1.55,0.25,11691.1409058202,2000
1.55,0.3,11707.3635320125,2000
1.55,0.35,11691.1409058202,2000
1.55,0.4,11708.871856721,2000
1.55,0.45,11723.1097020324,2000
1.55,0.5,11691.1409058202,2000
1.55,0.55,11691.1409058202,2000
1.55,0.6,11691.1409058202,2000
1.55,0.65,11691.1409058202,2000
1.55,0.7,11672.8333835186,2000
1.55,0.75,11655.3746538474,2000
1.55,0.8,11655.3746538474,2000
1.55,0.85,11649.0156371213,2000
1.55,0.9,11594.1989324123,2000
1.55,0.95,11606.1393314418,2000
1.55,1,11594.1989324123,2000
1.55,1.05,11577.5309349358,2000
1.55,1.1,11569.0470950782,2000
1.55,1.15,11467.5047716919,2000
1.55,1.2,11440.7256121412,2000
1.55,1.25,11368.3298755672,2000
1.55,1.3,11339.2662355073,2000
1.55,1.35,11290.0666585769,2000
1.55,1.4,11263.1053745939,2000
1.55,1.45,11188.6367705267,2000
1.55,1.5,11152.2160187305,2000
1.55,1.55,11152.2160187305,2000
1.55,1.6,11109.5708279554,2000
1.55,1.65,11097.1761007088,2000
1.55,1.7,11097.1761007088,2000
1.55,1.75,11097.1761007088,2000
1.55,1.8,11097.1761007088,2000
1.55,1.85,11097.1761007088,2000
1.55,1.9,11097.1761007088,2000
1.55,1.95,11097.1761007088,2000
1.55,2,11097.1761007088,2000
1.6,0,11204.1501964064,2000
1.6,0.05,11204.1501964064,2000
1.6,0.1,11204.1501964064,2000
1.6,0.15,11213.8236376293,2000
1.6,0.2,11233.0577854883,2000
1.6,0.25,11204.1501964064,2000
1.6,0.3,11204.1501964064,2000
1.6,0.35,11196.7718199261,2000
1.6,0.4,11204.1501964064,2000
1.6,0.45,11282.5846404352,2000
1.6,0.5,11282.5846404352,2000
1.6,0.55,11191.1266102525,2000
1.6,0.6,11191.1266102525,2000
1.6,0.65,11191.1266102525,2000
1.6,0.7,11179.4673413808,2000
1.6,0.75,11130.4712411902,2000
1.6,0.8,11125.0439466906,2000
1.6,0.85,11125.0439466906,2000
1.6,0.9,11113.2204572699,2000
1.6,0.95,11113.2204572699,2000
1.6,1,11113.2204572699,2000
1.6,1.05,11095.5751296938,2000
1.6,1.1,11095.5751296938,2000
1.6,1.15,11037.8373081932,2000
1.6,1.2,10984.1581342414,2000
1.6,1.25,10967.3756724882,2000
1.6,1.3,10909.3671223945,2000
1.6,1.35,10849.9374365626,2000
1.6,1.4,10834.1725713678,2000
1.6,1.45,10782.163868524,2000
1.6,1.5,10693.1813789949,2000
1.6,1.55,10661.0227217436,2000
1.6,1.6,10650.2224149512,2000
1.6,1.65,10598.1532324488,2000
1.6,1.7,10549.3964268605,2000
1.6,1.75,10549.3964268605,2000
1.6,1.8,10549.3964268605,2000
1.6,1.85,10549.3964268605,2000
1.6,1.9,10549.3964268605,2000
1.6,1.95,10549.3964268605,2000
1.6,2,10549.3964268605,2000
1.65,0,10806.3191692679,2000
1.65,0.05,10797.1886524013,2000
1.65,0.1,10772.3365027157,2000
1.65,0.15,10797.4057505406,2000
1.65,0.2,10755.7697481491,2000
1.65,0.25,10754.8492943217,2000
1.65,0.3,10754.8492943217,2000
1.65,0.35,10754.8492943217,2000
1.65,0.4,10754.8492943217,2000
1.65,0.45,10754.8492943217,2000
1.65,0.5,10806.3191692679,2000
1.65,0.55,10719.1057015739,2000
1.65,0.6,10719.1057015739,2000
1.65,0.65,10719.1057015739,2000
1.65,0.7,10703.9043090218,2000
1.65,0.75,10671.9971331143,2000
1.65,0.8,10643.298810328,2000
1.65,0.85,10632.6136967086,2000
1.65,0.9,10588.0825838354,2000
1.65,0.95,10618.0484446343,2000
1.65,1,10588.0825838354,2000
1.65,1.05,10581.1159933176,2000
1.65,1.1,10562.4669626102,2000
1.65,1.15,10562.4669626102,2000
1.65,1.2,10524.4106465172,2000
1.65,1.25,10496.1164518484,2000
1.65,1.3,10464.7804153578,2000
1.65,1.35,10452.2511009941,2000
1.65,1.4,10360.4452122139,2000
1.65,1.45,10360.4452122139,2000
1.65,1.5,10230.7767447169,2000
1.65,1.55,10187.0126403755,2000
1.65,1.6,10187.0126403755,2000
1.65,1.65,10158.5885421852,2000
1.65,1.7,10067.0619725676,2000
1.65,1.75,10035.155759997,2000
1.65,1.8,10035.155759997,2000
1.65,1.85,10035.155759997,2000
1.65,1.9,10035.155759997,2000
1.65,1.95,10035.155759997,2000
1.65,2,10035.155759997,2000
1.7,0,10284.4966209911,2000
1.7,0.05,10284.4966209911,2000
1.7,0.1,10284.4966209911,2000
1.7,0.15,10284.4966209911,2000
1.7,0.2,10262.7183787208,2000
1.7,0.25,10234.5562427452,2000
1.7,0.3,10234.5562427452,2000
1.7,0.35,10234.5562427452,2000
1.7,0.4,10280.0422604723,2000
1.7,0.45,10234.5562427452,2000
1.7,0.5,10280.0422604723,2000
1.7,0.55,10280.0422604723,2000
1.7,0.6,10229.1649269516,2000
1.7,0.65,10229.1649269516,2000
1.7,0.7,10211.5702486247,2000
1.7,0.75,10203.6105787882,2000
1.7,0.8,10203.6105787882,2000
1.7,0.85,10163.0381498178,2000
1.7,0.9,10163.0381498178,2000
1.7,0.95,10154.6699255547,2000
1.7,1,10140.6194663316,2000
1.7,1.05,10140.6194663316,2000
1.7,1.1,10081.5219409571,2000
1.7,1.15,10045.1436589038,2000
1.7,1.2,10027.2396668579,2000
1.7,1.25,10003.3055574885,2000
1.7,1.3,9996.86947043758,2000
1.7,1.35,9971.87773949748,2000
1.7,1.4,9945.62766437376,2000
1.7,1.45,9868.19138120859,2000
1.7,1.5,9820.62488056825,2000
1.7,1.55,9689.94284794627,2000
1.7,1.6,9653.78217334873,2000
1.7,1.65,9653.78217334873,2000
1.7,1.7,9626.62859066178,2000
1.7,1.75,9607.57890923281,2000
1.7,1.8,9570.476159944,2000
1.7,1.85,9570.476159944,2000
1.7,1.9,9570.476159944,2000
1.7,1.95,9570.476159944,2000
1.7,2,9570.476159944,2000
1.75,0,9757.27225669202,2000
1.75,0.05,9757.27225669202,2000
1.75,0.1,9757.27225669202,2000
1.75,0.15,9757.27225669202,2000
1.75,0.2,9752.9962352232,2000
1.75,0.25,9752.9962352232,2000
1.75,0.3,9752.9962352232,2000
1.75,0.35,9751.31009237271,2000
1.75,0.4,9752.9962352232,2000
1.75,0.45,9752.9962352232,2000
1.75,0.5,9752.9962352232,2000
1.75,0.55,9752.9962352232,2000
1.75,0.6,9752.9962352232,2000
1.75,0.65,9748.97229180824,2000
1.75,0.7,9710.54387127673,2000
1.75,0.75,9696.00381134326,2000
1.75,0.8,9696.00381134326,2000
1.75,0.85,9696.00381134326,2000
1.75,0.9,9681.59283942872,2000
1.75,0.95,9666.85536750973,2000
1.75,1,9665.71551863849,2000
1.75,1.05,9635.84395739057,2000
1.75,1.1,9610.22218368049,2000
1.75,1.15,9539.09148305035,2000
1.75,1.2,9539.09148305035,2000
1.75,1.25,9502.46862684175,2000
1.75,1.3,9478.02006856101,2000
1.75,1.35,9473.79757830262,2000
1.75,1.4,9473.79757830262,2000
1.75,1.45,9428.35673524655,2000
1.75,1.5,9408.26496905703,2000
1.75,1.55,9234.45840002663,2000
1.75,1.6,9181.63905754953,2000
1.75,1.65,9181.63905754953,2000
1.75,1.7,9169.87079734696,2000
1.75,1.75,9162.76347221664,2000
1.75,1.8,9089.40286856574,2000
1.75,1.85,9030.47134529511,2000
1.75,1.9,9030.47134529511,2000
1.75,1.95,9030.47134529511,2000
1.75,2,9030.47134529511,2000
1.8,0,9243.65303192128,2000
1.8,0.05,9243.65303192128,2000
1.8,0.1,9243.65303192128,2000
1.8,0.15,9243.65303192128,2000
1.8,0.2,9243.65303192128,2000
1.8,0.25,9225.58260630846,2000
1.8,0.3,9225.58260630846,2000
1.8,0.35,9225.58260630846,2000
1.8,0.4,9243.65303192128,2000
1.8,0.45,9243.65303192128,2000
1.8,0.5,9234.56559098998,2000
1.8,0.55,9225.58260630846,2000
1.8,0.6,9225.58260630846,2000
1.8,0.65,9217.32269613119,2000
1.8,0.7,9207.98643890814,2000
1.8,0.75,9190.59584152722,2000
1.8,0.8,9190.59584152722,2000
1.8,0.85,9190.59584152722,2000
1.8,0.9,9190.59584152722,2000
1.8,0.95,9165.25697933489,2000
1.8,1,9181.57931305313,2000
1.8,1.05,9137.00386176314,2000
1.8,1.1,9136.2198322439,2000
1.8,1.15,9095.29114333018,2000
1.8,1.2,9088.57859795662,2000
1.8,1.25,9080.49900818859,2000
1.8,1.3,8974.35254993096,2000
1.8,1.35,8974.35254993096,2000
1.8,1.4,8960.80223931821,2000
1.8,1.45,8960.80223931821,2000
1.8,1.5,8917.80397867635,2000
1.8,1.55,8893.37007890447,2000
1.8,1.6,8762.70183370152,2000
1.8,1.65,8761.83015110077,2000
1.8,1.7,8761.83015110077,2000
1.8,1.75,8718.96173465938,2000
1.8,1.8,8662.59128095101,2000
1.8,1.85,8587.32123929516,2000
1.8,1.9,8529.81737861527,2000
1.8,1.95,8529.81737861527,2000
1.8,2,8529.81737861527,2000
1.85,0,8719.99074616257,2000
1.85,0.05,8719.99074616257,2000
1.85,0.1,8719.99074616257,2000
1.85,0.15,8719.99074616257,2000
1.85,0.2,8719.99074616257,2000
1.85,0.25,8716.80972216846,2000
1.85,0.3,8716.80972216846,2000
1.85,0.35,8716.80972216846,2000
1.85,0.4,8719.99074616257,2000
1.85,0.45,8719.99074616257,2000
1.85,0.5,8719.99074616257,2000
1.85,0.55,8763.44450524278,2000
1.85,0.6,8719.99074616257,2000
1.85,0.65,8716.80972216846,2000
1.85,0.7,8688.42042614989,2000
1.85,0.75,8673.37344893293,2000
1.85,0.8,8673.37344893293,2000
1.85,0.85,8673.37344893293,2000
1.85,0.9,8673.37344893293,2000
1.85,0.95,8673.37344893293,2000
1.85,1,8665.10014811162,2000
1.85,1.05,8665.10014811162,2000
1.85,1.1,8636.53097404193,2000
1.85,1.15,8636.53097404193,2000
1.85,1.2,8630.72089312198,2000
1.85,1.25,8630.72089312198,2000
1.85,1.3,8596.41623096733,2000
1.85,1.35,8473.41480067289,2000
1.85,1.4,8473.41480067289,2000
1.85,1.45,8419.97039231367,2000
1.85,1.5,8419.97039231367,2000
1.85,1.55,8399.27715150423,2000
1.85,1.6,8385.73039888823,2000
1.85,1.65,8338.42246630032,2000
1.85,1.7,8336.42455453903,2000
1.85,1.75,8336.42455453903,2000
1.85,1.8,8295.74919885055,2000
1.85,1.85,8127.76131534844,2000
1.85,1.9,8055.00910755428,2000
1.85,1.95,8020.21719494628,2000
1.85,2,8020.21719494628,2000
1.9,0,8241.53779746621,2000
1.9,0.05,8241.53779746621,2000
1.9,0.1,8241.53779746621,2000
1.9,0.15,8241.53779746621,2000
1.9,0.2,8241.53779746621,2000
1.9,0.25,8239.03388307979,2000
1.9,0.3,8239.03388307979,2000
1.9,0.35,8239.03388307979,2000
1.9,0.4,8241.53779746621,2000
1.9,0.45,8241.53779746621,2000
1.9,0.5,8241.53779746621,2000
1.9,0.55,8276.57480135597,2000
1.9,0.6,8241.53779746621,2000
1.9,0.65,8241.53779746621,2000
1.9,0.7,8238.32206134049,2000
1.9,0.75,8189.10723111863,2000
1.9,0.8,8185.86021042638,2000
1.9,0.85,8185.86021042638,2000
1.9,0.9,8185.86021042638,2000
1.9,0.95,8185.86021042638,2000
1.9,1,8185.86021042638,2000
1.9,1.05,8167.8090047757,2000
1.9,1.1,8167.8090047757,2000
1.9,1.15,8150.23897792546,2000
1.9,1.2,8107.81591969291,2000
1.9,1.25,8105.5557176693,2000
1.9,1.3,8082.53124902276,2000
1.9,1.35,8017.91255949864,2000
1.9,1.4,8002.75424861595,2000
1.9,1.45,7975.02036327696,2000
1.9,1.5,7975.02036327696,2000
1.9,1.55,7957.73392917028,2000
1.9,1.6,7908.84591739286,2000
1.9,1.65,7876.28827410169,2000
1.9,1.7,7876.28827410169,2000
1.9,1.75,7834.45640608699,2000
1.9,1.8,7834.45640608699,2000
1.9,1.85,7807.985940733,2000
1.9,1.9,7653.01590947187,2000
1.9,1.95,7558.27542573991,2000
1.9,2,7520.86030524159,2000
1.95,0,7796.27668062157,2000
1.95,0.05,7796.27668062157,2000
1.95,0.1,7796.27668062157,2000
1.95,0.15,7796.27668062157,2000
1.95,0.2,7767.84912966412,2000
1.95,0.25,7767.84912966412,2000
1.95,0.3,7767.84912966412,2000
1.95,0.35,7767.84912966412,2000
1.95,0.4,7796.27668062157,2000
1.95,0.45,7796.27668062157,2000
1.95,0.5,7796.27668062157,2000
1.95,0.55,7796.27668062157,2000
1.95,0.6,7809.28546506487,2000
1.95,0.65,7796.27668062157,2000
1.95,0.7,7767.84912966412,2000
1.95,0.75,7711.57369012686,2000
1.95,0.8,7711.57369012686,2000
1.95,0.85,7711.57369012686,2000
1.95,0.9,7709.4251285179,2000
1.95,0.95,7708.72263933657,2000
1.95,1,7708.72263933657,2000
1.95,1.05,7708.72263933657,2000
1.95,1.1,7659.45496202152,2000
1.95,1.15,7647.35135985415,2000
1.95,1.2,7619.6532815053,2000
1.95,1.25,7576.44103260206,2000
1.95,1.3,7576.44103260206,2000
1.95,1.35,7569.68824187831,2000
1.95,1.4,7560.82328697263,2000
1.95,1.45,7560.82328697263,2000
1.95,1.5,7531.1052321759,2000
1.95,1.55,7531.1052321759,2000
1.95,1.6,7453.30497133731,2000
1.95,1.65,7418.30530456155,2000
1.95,1.7,7361.08784506419,2000
1.95,1.75,7361.08784506419,2000
1.95,1.8,7347.01776527334,2000
1.95,1.85,7330.52291367023,2000
1.95,1.9,7227.92295392175,2000
1.95,1.95,7191.8607581726,2000
1.95,2,7061.84312642915,2000
2,0,7285.94805991596,2000
2,0.05,7285.94805991596,2000
2,0.1,7285.94805991596,2000
2,0.15,7285.94805991596,2000
2,0.2,7279.92905472632,2000
2,0.25,7279.92905472632,2000
2,0.3,7279.92905472632,2000
2,0.35,7279.92905472632,2000
2,0.4,7285.94805991596,2000
2,0.45,7285.94805991596,2000
2,0.5,7285.94805991596,2000
2,0.55,7285.94805991596,2000
2,0.6,7322.97159460045,2000
2,0.65,7322.97159460045,2000
2,0.7,7279.92905472632,2000
2,0.75,7257.84273831632,2000
2,0.8,7253.01020437517,2000
2,0.85,7253.01020437517,2000
2,0.9,7253.01020437517,2000
2,0.95,7253.01020437517,2000
2,1,7228.35275645729,2000
2,1.05,7234.35144598993,2000
2,1.1,7234.35144598993,2000
2,1.15,7195.06073423684,2000
2,1.2,7190.04251428247,2000
2,1.25,7120.07059600245,2000
2,1.3,7085.2927957604,2000
2,1.35,7083.3448301452,2000
2,1.4,7046.76587587276,2000
2,1.45,7044.77749175578,2000
2,1.5,7016.94457680625,2000
2,1.55,7016.26190483224,2000
2,1.6,6982.11618187019,2000
2,1.65,6948.68899796448,2000
2,1.7,6928.13488030626,2000
2,1.75,6832.45174210317,2000
2,1.8,6832.45174210317,2000
2,1.85,6832.45174210317,2000
2,1.9,6827.96670667903,2000
2,1.95,6754.169652631,2000
2,2,6680.78839105231,2000
